sub-45_run-02,id-01
sub-52_run-03,id-02
sub-38_run-03,id-03
sub-40_run-01,id-04
sub-44_run-03,id-05
sub-43_run-01,id-06
sub-54_run-03,id-07
sub-55_run-03,id-08
sub-34_run-01,id-09
sub-46_run-02,id-10
sub-47_run-02,id-11
sub-49_run-02,id-12
sub-51_run-01,id-13
sub-49_run-01,id-14
sub-41_run-01,id-15
sub-51_run-02,id-16
sub-38_run-01,id-17
sub-55_run-01,id-18
sub-44_run-02,id-19
sub-49_run-03,id-20
sub-50_run-02,id-21
sub-55_run-02,id-22
sub-46_run-03,id-23
sub-45_run-03,id-24
sub-36_run-03,id-25
sub-38_run-02,id-26
sub-35_run-01,id-27
sub-47_run-01,id-28
sub-42_run-02,id-29
sub-50_run-03,id-30
sub-52_run-01,id-31
sub-35_run-02,id-32
sub-45_run-01,id-33
sub-40_run-02,id-34
sub-36_run-02,id-35
sub-48_run-03,id-36
sub-53_run-03,id-37
sub-44_run-01,id-38
sub-41_run-03,id-39
sub-35_run-03,id-40
sub-48_run-01,id-41
sub-52_run-02,id-42
sub-51_run-03,id-43
sub-46_run-01,id-44
sub-42_run-01,id-45
sub-34_run-02,id-46
sub-50_run-01,id-47
sub-36_run-01,id-48
sub-42_run-03,id-49
sub-53_run-01,id-50
sub-43_run-03,id-51
sub-54_run-02,id-52
sub-34_run-03,id-53
sub-54_run-01,id-54
sub-40_run-03,id-55
sub-53_run-02,id-56
sub-47_run-03,id-57
sub-43_run-02,id-58
sub-48_run-02,id-59
sub-41_run-02,id-60
